# CSV-File created with merge-csv.com,,,,,,,,
# -----------------------------------------------------------,,,,,,,,
,,,,,,,,
,,,,,,,,
Sr. No.,Date (dd/mm/yyyy),Startup Name,Industry / Vertical,Sub-Vertical,City / Location,Investors' Name,Investment Type,Amount (In USD)
1,06-05-2019,Ola Electric,Transport,Cabs,Bengaluru,Tata Sons,Series A,
2,06-05-2019,Saahas Zero Waste,Waste Management Service,Optimization,Bengaluru,C4D Partners,Venture - Series Unknown,"8,68,600"
3,05-05-2019,StyleDotMe,E-commerce,Fashion and Shopping,Delhi,"Indian Angel Network and other angel investors, Innov8 founder Ritesh Malik, Josh Talks founders Supriya Paul and Shobha Banga, and former Hero Corporate president Rohit Chanana",Bridge Round,undisclosed
4,01-05-2019,BlackBuck,Transport,Logistics,Bengaluru,"Goldman Sachs Investment Partners and Silicon Valley-based Accel, Wellington, Sequoia Capital, B Capital, LightStreet, Sands Capital and International Finance Corporation,",Series D,"15,00,00,000"
5,02-05-2019,Zenoti,Saas,Beauty and Wellness Industry,Hyderabad,Tiger Global Management,Series C,"5,00,00,000"
6,28-05-2019,Ather Energy,Automobile,Electric Vehicle,Bengaluru,Sachin Bansal,Series C,"5,10,00,000"
7,28-05-2019,FreshVnF,Agtech,Fresh Agriculture Produces,Mumbai,Equanimity Ventures,Seed Round,"14,00,00,000"
8,30-05-2019,GlowRoad,E-commerce,Retail,Bengaluru,"Korea Investment Partners, Vertex Ventures",Series B,"1,15,00,000"
9,31-05-2019,Bira91,Food and Beverage,Brewery,New Delhi,Sixth Sense Ventures,Series B,"56,00,000"
1,05-06-2019,NoBroker,E-Commerce,Real Estate,Bengaluru,General Atlantic,Series C,"5,10,00,000"
2,04-06-2019,Bira91,Food and Beverage,Brewery,New Delhi,Anicut Capital,Debt Funding,"1,00,00,000"
3,03-06-2019,FabHotels,E-Commerce,Hospitality,Gurgaon,"Goldman Sachs, Accel Partners and Qualcomm",,"48,89,975.54"
4,03-06-2019,Avail Finance,Finance,FinTech,Bengaluru,Matrix Partners,Series A,"90,00,000"
5,04-06-2019,BharatPe,Finance,FinTech,New Delhi,Insight Partners,Series B,"7,50,00,000"
6,04-06-2019,Recykal,Waste Management Service,Optimization,Hyderabad,"Triton Investment Advisors, Pidilite Industries director Ajay Parekh",pre-Series A,"2,60,00,000"
7,03-06-2019,Agara Labs,Deep-Tech,Artificial Intelligence,Bengaluru,Blume Ventures and RTP Global,pre-Series A,"25,00,000"
8,06-06-2019,Sistema.bio,Agriculture,Hybrid Reactor Biodigestor,Nairobi,"Shell Foundation, DILA CAPITAL, Engie RDE Fund, EcoEnterprise Fund, EDFIMC (ElectriFI), Endeavor Catalyst Fund, CoCapital, Triodos, Alpha Mundi, and Lendahand",,"27,39,034.68"
9,06-06-2019,Chakr Innovation,Energy,Renewable Energy,New Delhi,IAN Fund,Series A,"2,60,00,000"
10,06-06-2019,Pratilipi,Digital Media,E-Books,Bengaluru,Qiming Venture Partners,Series B,"1,51,09,500.00"
11,10-06-2019,Bolo App,Digital Media,Video Platform,Bengaluru,Nexus Venture Partners,Seed Funding,"4,30,200"
12,10-06-2019,OkCredit,FinTech,Financial Services,Haryana,Tiger Global Management,Series A,"1,55,00,000"
13,06-06-2019,Biz2Credit,FinTech,Online Lending Platform,New York,WestBridge Capital,Series B,"5,20,00,000"
14,08-06-2019,Vogo Automotive Pvt. Ltd.,Transportation,Dockless Scooter Rental Company,Karnataka,Alteria Capital,Debt Funding,"35,84,000"
15,04-06-2019,Leegality,Services,Digital Documentation,Mumbai/Bengaluru,Mumbai Angels,Series A,"34,00,000"
1,02-07-2019,RenewBuy,Finance,Auto Insurance,Gurgaon,"Lok Capital, IIFL Wealth",Series B,"1,90,00,000"
2,02-07-2019,Atlan,Information Technology,Big Data,Singapore,WaterBridge Ventures,Pre-Series A,"25,00,000"
3,01-07-2019,WizCounsel,Compliance,Consulting,New Delhi,Kapil Dev,Angel,"1,45,000"
4,03-07-2019,Ola Cabs,Transport,Cabs,Kormangala,"DIG Investment Ab, Deshe Holdings, Samih Toukan and Hussam Khoury",Series J,"10,00,000"
5,01-07-2019,Uniphore,Artificial Intelligence,Speech Recognition,Taramani,March Capital Partners,Series C,"3,80,80,000"
6,04-07-2019,Daalchini Technologies,Food and Beverage,Digital Vending Machine,New Delhi,Artha Venture,Seed Round,"5,00,000"
7,10-07-2019,BYJU'S,EdTech,Education,Bengaluru,Qatar Investment Authority,Private Equity Round,"15,00,00,000"
8,11-07-2019,Moglix,E-Commerce,Industrial Tools and Equipments,Singapore,"Composite Capital Management, Sequoia Capital India, Tiger Global Management",Series D,"6,00,00,000"
9,10-07-2019,Ezyhaul,Tech,Logistics,Singapore,Undisclosed,Series B,"1,60,00,000"
10,10-07-2019,Indus OS,Tech,Smartphone Operating System,Andheri,Ventureast,Series B,"57,50,000"
11,10-07-2019,HealthAssure,Health Care,Primary care medical network,Mumbai,Blume Ventures,Series A,"25,00,000"
12,09-07-2019,House of Msasaba,Luxury Label,Clothes and Apparel,Mumbai,Binny Bansal,Series A,"10,00,000"
13,08-07-2019,Board Infinity,EdTech,Full-stack career platform,Chembur,Multiple Angel Investors,Angel Round,"3,19,605"
1,01-08-2019,CarDekho,E-Commerce,Automotive,Gurgaon,SC GG India Mobility Holdings LLC,Series C,"2,00,00,000"
2,01-08-2019,Progcap,Finance,Supply Chain Management,New Delhi,Sequoia India,Series A,"50,00,000"
3,01-08-2019,MyPetrolPump,Retail,Fuel Delivery,Bengaluru,,Seed Funding Round,"16,00,000"
4,01-08-2019,Alteria Capital,Finance,VC Funds,Mumbai,"Azim Premji, Binny Bansal",Single Venture,"14,00,00,000"
5,01-08-2019,Pine Labs,Information Technology,Last-mile retail transaction technology,Noida,Pine Labs Pte Ltd,Corporate Round,"3,80,80,000"
6,12-08-2019,Meesho,E-Commerce,Social Commerce,Bengaluru,Naspers,Series D,"12,50,00,000"
7,13-08-2019,Cars24,E-Commerce,Car Retail,Gurugram,MS Dhoni,Series D,"1,10,00,000"
8,13-08-2019,Uniphore,Customer Service Platform,Conversational AI,Palo Alto,March Capital Partners,Series C,"5,10,00,000"
9,23-08-2019,Zendrive,Automotive,Road Safety Analytics,San Francisco,XL Innovate,Series B,"3,70,00,000"
10,23-08-2019,Lo! Foods,Consumer Goods,Low carb food for Diabetics,Bengaluru,"Rashmi Daga (founder, FreshMenu), Raveen Sastry (co-founder, Myntra) and Mitesh Shah (finance chief, BookMyShow)",Seed Round,"5,00,000"
11,23-08-2019,Tala,FinTech,Digital Lending Platform,Santa Monica,RPS Ventures,Series D,"11,00,00,000"
12,22-08-2019,INDwealth,FinTech,Wealth Management,Gurgaon,Tiger Global Management,Venture Round,"1,50,00,000"
13,21-08-2019,HungerBox,Food and Beverage,B2B Foodtech,Bengaluru,One97 Communications Ltd.,Series C,"65,90,000"
14,23-08-2019,AdmitKard,EdTech,University Admissions,Noida,Growth DNA,Seed Round,"10,00,000"
15,19-08-2019,Mishry Reviews,Services,Product Review,Gurgaon,Vir Sanghvi,Series A,Undisclosed
16,19-08-2019,Grofers,E-Commerce,Grocery Delivery,Gurgaon,Softbank Vision Fund,Series F,"7,00,00,000"
17,27-08-2019,Rapido Bike Taxi,Transportation,Bike Taxi,Bengaluru,Westbridge Capital,Series B,"3,90,00,00,000"
1,05-09-2019,FPL Technologies,FinTech,Financial Services,Pune,"Matrix Partners India, Sequoia India",Maiden Round,"45,00,000"
2,04-09-2019,Cashflo,FinTech,Invoice discounting platform and SME lending marketplace,Mumbai,SAIF Partners,Series A,"33,00,000"
3,04-09-2019,Digital F5,"Advertising, Marketing",Digital marketing firm,Mumbai,TIW Private Equity,Private Equity Round,"60,00,000"
4,04-09-2019,3rdFlix,SaaS,Education Technology,Hyderabad,Exfinity Venture Partners,pre-series A,"50,00,000"
5,04-09-2019,75F,IoT,Building automation system,Burnsville,Breakthrough Energy Ventures,Series A,"1,80,00,000"
6,04-09-2019,Myelin Foundry,Information Technology,Deep-technology,Bengaluru,Endiya Partners,Seed,"10,00,000"
7,04-09-2019,Atomberg Technology,Consumer Technology,"Consumer Electronics, Home Appliances",Mumbai,A91 Partners,Series A,"1,00,00,000"
8,04-09-2019,GOQii,Health and Wellness,Wearable Fitness Bands,Menlo Park,Bennett Coleman and Company Ltd (BCCL),Series C,"45,00,00,000"
9,03-09-2019,Vyapar App,Accounting,Mobile-based Accounting Software,Bengaluru,"India Quotient, Axilor Ventures",Series A,"50,00,000"
1,04-10-2019,Dunzo,Customer Service,Delivery Service,Bengaluru,Lightbox,Series D,"4,50,00,000"
2,02-10-2019,Udaan,B2B,Business development,Bengaluru,"Altimeter Capital, DST Global",Series D,"58,50,00,000"
3,21-10-2019,The Man Company,Consumer Goods,Beauty and Grooming,Gurgaon,Ayushmann Khurana,Corporate Round,unknown
Sr. No.,Date (dd/mm/yyyy),Startup Name,Industry / Vertical,Sub-Vertical,City / Location,Investors' Name,Investment Type,Amount (In USD)
1,09-04-2020,Vedantu,EduTech,Online Tutoring,Bengaluru,Legend Capital,Series C1,"1,25,60,000"
2,06-04-2020,Swiggy,Online Food Delivery,Online Food Delivery,Bengaluru,"Tencent, Ark Impact, Korea Investment Partners, Samsung Ventures, and Mirae Asset Capital Markets",Series 1,"4,30,00,000"
3,08-04-2020,Zupee,Gaming,Gaming,Gurugram,"Matrix Partners India, Falcon Edge Capital, WestCap Group, Orios Venture Partners and Smile Group",Series A,"80,00,000"
4,07-04-2020,DeHaat,AgriTech,AgriTech,Patna,"Sequoia Capital India, FMO, Omnivore and AgFunder.",Series A,"1,20,00,000"
5,15-04-2020,BigBasket,E-commerce,Online Grocery Delivery,Bengaluru,Alibaba Group,Debt Financing,"5,00,00,000"
6,08-04-2020,Fingerlix,Food Delivery,Ready-to-Cook Food,Mumbai,"Accel, Zephyr Peacock, Swiggy, and RB Investments",Series C,"18,00,000"
7,31-03-2020,Nykaa,E-commerce,Cosmetic and Beauty Products,Mumbai,Steadview Capital,Series F,"1,30,00,000"
8,02-04-2020,Recko,Digital Reconcilation and Financial Services,AI-powered Reconciliation of Digital Transactions,Bengaluru,Vertex Ventures Southeast Asia and India and Prime Venture Partners,Series A,"60,00,000"
1,12-12-2019,Ecozen,Technology,Agritech,Pune,Sathguru Catalyzer Advisors,Series A,"60,00,000"
2,06-12-2019,CarDekho,E-Commerce,Automobile,Gurgaon,Ping An Global Voyager Fund,Series D,"7,00,00,000"
3,03-12-2019,Dhruva Space,Aerospace,Satellite Communication,Bengaluru,"Mumbai Angels, Ravikanth Reddy",Seed,"5,00,00,000"
4,13-12-2019,Rivigo,Technology,Logistics Services and Solutions,Gurgaon,"SAIF Partners, Spring Canter Investment Ltd.",Series F,"2,00,00,000"
5,17-12-2019,Healthians,B2B-focused foodtech startup,Food Solutions For Corporate,Bengaluru,"Paytm, NPTK, Sabre Partners and Neoplux",Series C,"1,20,00,000"
6,16-12-2019,Licious,E-Commerce,Online Meat And Seafood Ordering Startup,Bengaluru,Vertex Growth Fund,Series E,"3,00,00,000"
7,16-12-2019,InCred,Finance,Non-Banking Financial Company,Mumbai,,Debt Funding,"59,00,000"
8,14-12-2019,Trell,Video,Experience Discovery Platform,Bengaluru,Ruizheng Investment,Seed Round,"20,00,000"
9,11-12-2019,Rein Games,Gaming,Real money based gaming startup,Noida,Manipal Education and Medical Group (MEMG),Seed Round,"5,00,00,000"
10,20-12-2019,Lenskart.com,E-Commerce,Online Eyewear Shopping Portal,Faridabad,SoftBank Vision Fund,Series G,"23,10,00,000"
1,03-02-2020,1mg,E-commerce,Medicine,Gurugram,Bill & Melinda Gates Foundation,Venture Series,"1,00,00,000"
2,03-02-2020,RACEnergy,Transportation,Electric Vehicle,Hyderabad,GrowX Ventures,Seed,NA
3,31-01-2020,Adonmo,Advertising,Advertising,Hyderabad,BAce Capital,Pre-Series A,"30,00,000"
4,31-01-2020,DoubtNut,Education,Online Tutoring,Gurugram,Tencent Holdings,Series A,"1,50,00,000"
5,30-01-2020,MultiplyMyLeads,Real Estate,Real Estate,New Delhi,Frontline Strategy Funds and SucSEED Venture Partners.,Venture Series,NA
6,03-02-2020,Embibe,EduTech,AI based learning,Mumbai,Reliance Industries Limited (RIL),Venture Series,"1,26,25,020"
7,10-02-2020,FirstCry,E-commerce,Baby Products,Pune,Softbank Vision Fund,Series E,"29,60,00,000"
8,10-02-2020,Pepperfry,E-commerce,Furniture,Mumbai,Pidilite Industries,Series F,"3,70,00,000"
9,18-02-2020,MaxWholesale,E-commerce,B2B platform for groceries,New Delhi,IAN Fund and Al Falaj Investment Co,Series A,"30,00,000"
10,06-02-2020,Dot,Information Technology and Services,Information Technology and Services,Gurgaon,PayU and Fosun RZ Capital,Seed,"80,00,000"
11,05-02-2020,AlphaVector,Transport,Bicycles,Mumbai,Avaana Capital and Titan Capital,Venture Series,NA
12,05-02-2020,WizKlub,EduTech,Online Tutoring,Bangalore,Incubate Fund India and Insitor Impact Asia Fund,Seed,"10,00,000"
13,14-02-2020,Friyey,Co-working Spaces,Co-working Spaces,Pune,Tarun Bhalla,Seed,NA
14,14-02-2020,Simsim,E-commerce,E-commerce,New Delhi,Accel Partners,Series B,"80,00,000"
15,11-02-2020,Moengage,Intelligent Marketing Cloud,Intelligent Marketing Cloud,San Francisco/ Bangalore,Eight Roads Ventures,Series C,"2,50,00,000"
16,11-02-2020,Chaayos,Cafe,Tea,New Delhi,"Think Investment, Tiger Global, SAIF Partners, Integrated Capital and Neeraj Arora and Innoven Capital",Series B,"2,15,00,000"
17,19-02-2020,Unacademy,EduTech,Online Tutoring,Bangalore,"General Atlantic, Sequoia Capital India, and Facebook",Series D,"11,00,00,000"
1,09-01-2020,BYJU's,E-Tech,E-learning,Bengaluru,Tiger Global Management,Private Equity Round,"20,00,00,000"
2,13-01-2020,Shuttl,Transportation,App based shuttle service,Gurgaon,Susquehanna Growth Equity,Series C,"80,48,394"
3,09-01-2020,Mamaearth,E-commerce,Retailer of baby and toddler products,Bengaluru,Sequoia Capital India,Series B,"1,83,58,860"
4,02-01-2020,https://www.wealthbucket.in/,FinTech,Online Investment,New Delhi,Vinod Khatumal,Pre-series A,"30,00,000"
5,02-01-2020,Fashor,Fashion and Apparel,Embroiled Clothes For Women,Mumbai,Sprout Venture Partners,Seed Round,"18,00,000"
6,13-01-2020,Pando,Logistics,"Open-market, freight management platform",Chennai,Chiratae Ventures,Series A,"90,00,000"
7,10-01-2020,Zomato,Hospitality,Online Food Delivery Platform,Gurgaon,Ant Financial,Private Equity Round,"15,00,00,000"
1,04-03-2020,Soxytoes,E-commerce,Socks,Noida,Angel Networks,Angel,NA
2,02-03-2020,Chqbook.com,Finance,Financial Services,Gurugram,Aavishkaar Capital,Series A,"50,00,000"
3,06-03-2020,Paperboat,E-commerce,Beverages and Snacks,Bengaluru,"Advent Management, A91 Emerging Fund, and Trifecta Venture.",Debt Financing,"40,00,000"
4,13-03-2020,CollegeKhabri,EduTech,Education,Bhopal,Vdiec Global,Angel,NA
5,12-03-2020,FamPay,Finance,Online Payment,Bengaluru,"Y Combinator, Venture Highway, Sequoia India, and GFC (Global Founders Capital).",Seed,"47,00,000"
6,12-03-2020,MultiLiving,Real Estate,Home Renting and Management,Mumbai,Lodha Ventures,Series A,"60,00,000"
7,12-03-2020,Ola Electric,Transport,Cab and Bike Taxi,Bengaluru,Pawan Munjal Family Trust,Series B,"10,00,000"
8,12-03-2020,Mera Kisan,Food Production,Organic Products,Pune,Ajinkya Rahane,Private Equity,NA
1,13-11-2019,Freshworks,Software,Business and customer engagement tools,San Francisco,"Sequoia, CapitalG, Accel",Series H,"15,00,00,000"
2,14-11-2019,Misters,Health and wellness,Men's Health and Wellness brand,Gurgaon,"Sauce.vc, Rainforest Ventures",Series B,"4,86,000"
3,13-11-2019,Sunstone Eduversity Pvt. Ltd,Education,Elearning,Gurgaon,"Prime Venture Partners, LetsVenture, PS1 Venture and GlobalLogic co-founder Rajul Garg",Seed,"15,00,000"
4,17-11-2019,Burger Singh,Food and Beverage,Indian Burger Brand,Gurgaon,RB Investments,Venture,undisclosed
5,18-11-2019,Healthians,Health and Wellness,Healthcare services,Gurgaon,"DG Daiwa Ventures, DG Incubation",Series B,"1,20,00,000"
6,15-11-2019,Ninjacart,B2B Marketing,Agritech,Bengaluru,Trifecta Capital Advisors,Debt Funding,"2,60,00,000"
7,20-11-2019,Aye Finance,FinTech,Financial Services To MSMEs,Gurgaon,FinTech,Debt Funding,"1,74,11,265"
8,12-11-2019,SuperGaming,Video Games,Social gaming platform,Pune,Dream Incubator,Seed Funding,"13,00,000"
9,20-11-2019,"<a data-wpel-link=""external"" href=""http://www.clumio.com/"" rel=""noopener nofollow external noreferrer"" target=""_blank"">Clumio",SaaS,Recovery software,"San Jose,","Altimeter Capital, Sutter Hill Ventures",Series C,"13,50,00,000"
10,11-11-2019,eBikeGo,Last Mile Transportation,Electric bike rental,Amritsar,Startup Buddy,Seed,"3,00,000"
11,19-11-2019,Digital Mall Asia,E-Commerce,Virtual e-commerce platform,Delhi,Amour Infrastructure,Seed Funding,"22,00,00,000"
12,18-11-2019,Medikabazaar,Healthcare,B2B platform for medical supplies,Mumbai,"Ackermans & van Haaren, HealthQuad, Rebright Partners, Toppan Printing",Series B,"1,58,00,000"
13,15-11-2019,Vogo Automotive,Last Mile Transportation,Scooter sharing app,Kormangala,"Matrix Partners, Stellaris Venture Partners, Kalaari Capital",Series B,"28,30,00,000"
14,19-11-2019,Furtados School of Music,Education,Music Education,Tulangan,IAN Fund and DSG Consumer Partners,,"20,00,00,000"
15,25-11-2019,Paytm,FinTech,Mobile Wallet,Noida,Vijay Shekhar Sharma,Funding Round,"1,00,00,00,000"
Sr. No.,Date (dd/mm/yyyy),Startup Name,Industry / Vertical,Sub-Vertical,City / Location,Investors' Name,Investment Type,Amount (In USD)
1,01-11-2018,GoDesi,Food and Beverage,Regional Flavours,Bengaluru,Lead Angels Network,Seed/ Angel Funding,"1,38,995"
2,03-11-2018,Veritas Finance Ltd.,NBFC,MSME Finance,Chennai,"Norwest Venture Partners, CDC Group, the UK’s Development Finance Institution and P Surendra Pai",Series D,"2,77,99,000"
3,06-11-2018,Meesho,Ecommerce,Social Commerce,Bengaluru,"Shunwei Capital, DST Partners and RPS Ventures",Series C,"5,00,00,000"
4,08-11-2018,Mobile Premier League,Gaming,Mobile e-Sports,Bengaluru,Undisclosed,Series A,"5,00,000"
5,08-11-2018,A&R Bon Vivants,Food,Meat Retail Chain,Jaipur,"RB Investments, Singapore",Equity,"10,00,000"
6,12-11-2018,Blackbuck,Food Tech,POS For Online Ordering,"New York, Bengaluru",Tiger Global,Series A,"10,00,000"
7,12-11-2018,MilkBAsket,Food,Micro-delivery grocery service,New Delhi,Mayfield Fund,Series B,"13,00,000"
8,13-11-2018,DriveU,Transport,On-Demand Drivers,Bengaluru,Stevens Creek Ventures,Mezzanine,"10,00,000"
9,14-11-2018,CleanseCar,Services,Car Wash,Bengaluru,Venture Catalysts,Seed/ Angel Funding,"5,00,000"
10,19-11-2018,Automation Anywhere,Automation,Robotics,California,SoftBank Vision Fund,Series B,"30,00,00,000"
11,20-11-2018,HealthifyMe,Health and Wellness,Wellness Coach,Bengaluru,"Sistema Asia Fund, VC Samsung NEXT, Chiratae Ventures, Inventus Capital, Blume Ventures and Innoven Capital.",Series B (Extension),"60,00,000"
12,21-11-2018,Genius Corner,Education,Personalized Learning,Noida,Individual investors,Seed Funding,"2,78,000"
13,22-11-2018,Aavishkaar-Intellecap Group,Investment,SME Funding,Mumbai,Teachers Insurance and Annuity Association (TIAA),Equity Based Funding,"3,10,00,000"
14,22-11-2018,Skillbox,Social Network,Art,Gurugram,Individual investors,Seed Funding,Undisclosed
15,23-11-2018,Signzy,Financial Tech,Digital Onboarding Solution,Mumbai/Bengaluru,"Stellaris Venture Partners and Kalaari Capital, Rajan Anandan from Google, Dilip Khandwelwal from SAP Labs India, and Amrish Rau from PayU India",Series A,"34,00,000"
16,24-11-2018,Engineer.ai,Software,AI Platform,India/US,"Lakestar and Jungle Ventures, Softbank’s DeepCore.",Series A,"2,95,00,000"
17,25-11-2018,InCred Finance,Finance,SME Lending,India,"Paragon Partners, Individual Investors",Private Equity,"4,20,00,000"
18,25-11-2018,Roposo,Social Media,Video Sharing,Delhi,Bertelsmann India Investments,Series B,"17,00,000"
1,01-10-2018,Northmist,Fashion,Mens Wear,Delhi,Prashant Jaiswal,Seed/ Angel Funding,N/A
2,02-10-2018,Origo Commodities India Pvt. Ltd,Logistics,Supply Chain,Hyderabad,"Cooperative Oikocredit, Caspian and Hivos-Triodos Fund",Seed/ Angel Funding,"1,10,00,000"
3,04-10-2018,Grover Zampa,Food,Wine,Mumbai,Ravi Viswanathan,Private Equity,"82,00,000"
4,05-10-2018,Droom,Automobile,New and Used Cars Platform,Gurgaon,ZigExN,Series E,"30,00,000"
5,11-10-2018,Innov8,Real Estate,Co-Working,New Delhi,Credence Family Office,Pre-Series A,"40,00,000"
6,12-10-2018,Blackbuck,Logistics Tech,Largest Trucking Platform,Bengaluru,Sequoia Capital India,Private Funding,"1,46,80,000"
7,12-10-2018,LetsTransport,Logistics Tech,Book Trucks Online,Bengaluru,Fosun International,Series C,"1,20,00,000"
1,01-09-2018,Netmeds,Consumer Internet,Online Pharmacy Chain,Chennai,"Sistema Asia Fund, Sistema JSFC and Tanncam Investment",Private Equity,"3,50,00,000"
2,03-09-2018,Udaan,B2B Platform,Logistics and Shipping,Bengaluru,DST Global and Lightspeed Venture Partners’ global fund.,Private Equity,"22,50,00,000"
3,03-09-2018,Daily hunt,Consumer Internet,News and ebooks Mobile App,Bengaluru,Falcon Edge,Private Equity,"63,90,000"
4,04-09-2018,3HCare,Healthcare,Healthcare Service Provider,Delhi,N/A,Seed / Angel Funding,"10,00,000"
5,04-09-2018,HappyGoEasy,Consumer Internet,Online Travel Agecy,Gurugram,"Korea Investment Partners (KIP), Samsung and China-based CITIC Capital and others",Private Equity,N/A
6,05-09-2018,Nykaa,Consumer Internet,Online Marketplace For Multi-brand Beauty Cosmetic and Wellness Products,Mumbai,Lighthouse,Private Equity,"15,72,00,000"
7,05-09-2018,Mad Street Den,Technology,Computer Vision And Artificial Intelligence (Ai) Platform,Chennai,KDDI,Private Equity,N/A
8,06-09-2018,Dream11,Consumer Internet,Online Gaming Platform,Mumbai,"Tencent, Kalaari Capital and Private equity firm Multiples Alternate Asset Management",Private Equity,"10,00,00,000"
9,10-09-2018,MamaEarth,Healthcare,Online Marketplace For Mother and Babycare Products,Gurugram,Stellaris Ventures & Others,Private Equity,"40,00,000"
10,11-09-2018,AutoGrid,Technology,AI-Based Energy Optimisation and Control Provider,Bengaluru,"CLP Holdings Group, Innogy, Ørstead, and Tenaska",Private Equity,"3,20,00,000"
11,11-09-2018,Pharmeasy,Consumer Internet,Online Marketplace For Pharmaceutical Products,Mumbai,InnoVen Capital,Debt Funding,"55,00,000"
12,11-09-2018,Upwards,Fin-Tech,Online Micro Lending Marketplace,Mumbai,"Shunwei Capital,Quotient, Mayfield & Others",Private Equity,"50,00,000"
13,12-09-2018,Kissht,Fin-Tech,Online lending Platform,Mumbai,"Vertex Ventures Southeast Asia (SEA) and India and Sistema Asia Fund, Fosun RZ Capital, Ventureast, and Endiya Partners.",Private Equity,"3,00,00,000"
1,01-12-2018,UrbanClap Technologies Pvt. Ltd,Services Platform,Home services marketplace,New Delhi,Steadview Capital and Vy Capital.,Series D,
2,02-12-2018, Guiddoo,Travel Tech,Platform for travel agents,Mumbai,Individual Investors,Pre-Series A,"8,00,000"
3,02-12-2018,Career Anna,Online Education,"Video-based certification, trainings",Gurugram,Individual Investors,Pre-Series A,"5,72,000"
4,04-12-2018,Nagpur Wholesale,Online Marketplace,eCommerce,Nagpur,Omphalos Ventures India LLP,Seed Funding,"1,43,000"
5,06-12-2018,ShopKirana,B2B,eCommerce,Indore,"Info Edge, AET Fund, Akatsuki and Incubate Fund from Japan and Better Capital AngelList syndicate.",Seed Funding,"20,00,000"
6,06-12-2018,BuildSupply,"SaaS, Ecommerce","Real Estate, ERP",Gurugram,"Venture Highway, GREE Ventures, Space Matrix, Individual Investors",Series A,"35,00,000"
1,01-07-2018,Leena AI,Technology,HR Virtual Agent For Employees,Gurugram,Y Combinator,Seed/ Angel Funding,N/A
2,02-07-2018,Biryani By Kilo,Consumer Internet,Online Food Delivery,Gurugram,Ajay Relan and Vinay Mittal,Seed/ Angel Funding,"10,00,000"
3,04-07-2018,Anchanto,IT,E-commerce Fulfilment Platform,Pune,MDI Ventures & Telkom Indonesia,Private Equity,"40,00,000"
4,05/072018,Loan Tap,Consumer Internet,Online Lending Platform For Salaried Professionals,Mumbai,"Shunwei Capital, Tuscan Ventures, Ashish Goenka, VC firms India Quotient and Kae Capital",Private Equity,"62,50,000"
5,06-07-2018,PolicyBazaar,Consumer Internet,Online Insurance Selling Platform,Gurugram,Info Edge (India) Ltd and Temasek,Private Equity,"2,77,00,000"
6,09-07-2018,zippserv,Consumer Internet,Online Platform For Risk-Assessment Services For Real Estate Investments,Bengaluru,Info Edge (India) Ltd,Seed/ Angel Funding,"4,40,000"
7,09-07-2018,Groww,Consumer Internet,Online Platform That Sells Direct Plans Of Mutual Funds,Bengaluru,"Insignia Ventures Partners, Lightbridge Partners & Kairos",Seed/ Angel Funding,"11,00,000"
8,10-07-2018,Avenue Growth,Consumer Internet,Online Platform That Connects Brands With Freelance Sales Professionals,Gurugram,"Avtar Monga, chief operating office at IDFC Bank, Aditya Malik & Others",Seed/ Angel Funding,"4,37,000"
9,10-07-2018,iNICU,Healthcare,Med-tech Platform Providing Care For Newborns,Delhi,Venture Catalysts,Seed/ Angel Funding,N/A
10,10-07-2018,Kinara Capital,Finance,Lending Platform For Micro and Small Enterprises,Bengaluru,ResponsAbility,Private Equity,"50,00,000"
11,10-07-2018,Shop 101,Consumer Internet,Mobile Storefront And Commerce Platform For Sellers,Mumbai,"Stellaris Venture Partners, Vy Capital, Raghunandan G, and Ramakant Sharma",Private Equity,"50,00,000"
12,11-07-2018,Sambandh,Consumer Internet,Online Micro Lending Platform,Rourkela,Base of Pyramid Asia (BOPA) Pte Ltd,Private Equity,"25,00,000"
13,12-07-2018,19th mile,IT,Artificial intelligence-based sales acceleration software platform,Gurugram,"Rishi Vasudev, Excelsior Investments, Ritesh Vohra, Praveer Kumar, Prashant Gupta and Others",Seed/ Angel Funding,"1,80,000"
14,12-07-2018,5th Vital,Healthcare,Home diagnostics services provider,Bengaluru,Brand Capital and Others,Seed/ Angel Funding,"5,00,000"
15,13-07-2018,MEngage,Healthcare,A Doctor-Patient Engagement Platform,Jaipur,"Siddharth Agarwal, Mahavir Sharma, Amit Singal, 100 Co-founders Lab and others.",Seed/ Angel Funding,"1,75,000"
16,17-07-2018,Ofbusiness,Finance,Online Lending Platform For SME,Gurugram,"Creation Investments, Falcon Edge, Matrix Partners India and Zodius Capital",Private Equity,"2,90,00,000"
17,17-07-2018,Cars24,Consumer Internet,Online Used Car Marketplace,Gurugram,"Kingsway FCI Fund, KCK Global & Others",Private Equity,"4,97,00,000"
18,18-07-2018,The Ken,Consumer Internet,Subscription-Only News Website,Bengaluru,Omidyar Network & Others,Seed/ Angel Funding,"15,00,000"
19,19-07-2018,Book My Show,Consumer Internet,Online Ticketing Platform,Mumbai,"TPG Growth, The Rise Fund & Others",Private Equity,"10,00,00,000"
20,20-07-2018,HousingMan,Consumer Internet,Property Discovery Platform,Bengaluru,N/A,Seed/ Angel Funding,"15,00,000"
21,21-07-2018,PaySense,Consumer Internet,Online Consumer Lending Platform,Mumbai,PayU & Others,Private Equity,"1,80,00,000"
22,23-07-2018,Yulu Bikes,Technology,Bicycle-Sharing Platform,Bengaluru,N/A,Seed/ Angel Funding,N/A
23,23-07-2018,VTION,Technology,Media Analytics,Gurugram,"AngelList, Rahul Khanna, Rajeev Arora and Ram Ramsundar.",Seed/ Angel Funding,"2,80,000"
24,23-07-2018,Log9 Materials,Technology,Nanotechnology Company Specializing In Graphene,Bengaluru,"Metaform Ventures, Hemant Luthra, Micro venture capital firm GEMS Partners and Others",Seed/ Angel Funding,"4,36,000"
25,24-07-2018,kidovators,Ed-Tech,Skill Learning Platform,Bengaluru,Gray Matters,Seed/ Angel Funding,"1,80,000"
26,24-07-2018,Digit,Consumer Internet,Online Insurance Startup,Pune,Fairfax,Private Equity,"4,50,00,000"
27,25-07-2018,Black Soil,Finance,Non-Banking Financial Company,Mumbai,"Allcargo Logistics, Navneet Education and Mahavir Agency",Private Equity,"1,70,00,000"
28,25-07-2018,Trell,Consumer Internet,Mobile-First Video Blogging App,Bengaluru,"BeeNext , WEH Ventures and Sprout Ventures",Seed/ Angel Funding,"12,50,000"
29,25-07-2018,iqlect,Technology,Data Analytics Firm,Bengaluru,Ventureast and Exfinity,Seed/ Angel Funding,"25,00,000"
30,26-07-2018,Entropik,IT,Software-As-A-Service Platform,Bengaluru,"Bharat Innovation, IDFC-Parampara Capital, Arthavida Ventures, Jitendra Gupta & Others",Seed/ Angel Funding,"11,00,000"
31,26-07-2018,Bitla Software,Technology,Travel-Focused Tech Startup,Bengaluru,MakeMyTrip,Private Equity,N/A
32,26-07-2018,TheCapitalNet,Fin-Tech,Unified Global Investments Ecosystem,Hyderabad,Lindwall Family Investments LLC (LFI),Private Equity,"5,00,000"
33,30-07-2018,Shuttl,Consumer Internet,Bus Aggregation Platform,Gurugram,Amazon Alexa Fund & Dentsu Ventures,Private Equity,"1,10,00,000"
34,30-07-2018,Cure Fit,Consumer Internet,Health and fitness Platform,Bengaluru,"IDG Ventures, Accel Partners, Kalaari Capital and Others",Private Equity,"12,00,00,000"
35,31-07-2018,Five Star Group,Fin-Tech,Non-Bank Lending Platform For SME,Chennai,"TPG, Norwest Venture Partners, Sequoia Capital & Matrix Partners",Private Equity,"10,00,00,000"
36,31-07-2018,Healthsignz,Healthcare,Health and Well being Platform,Hyderabad,Kantilal Patel,Seed/ Angel Funding,"50,00,000"
,,,,,,,,
,,,,,,,,
,,,,,,,,
,,,,,,,,
,,,,,,,,
,,,,,,,,
,,,,,,,,
,,,,,,,,
,,,,,,,,
,,,,,,,,
,,,,,,,,
,,,,,,,,
,,,,,,,,
,,,,,,,,
,,,,,,,,
,,,,,,,,
,,,,,,,,
,,,,,,,,
,,,,,,,,
,,,,,,,,
,,,,,,,,
,,,,,,,,
,,,,,,,,
,,,,,,,,
,,,,,,,,
,,,,,,,,
,,,,,,,,
,,,,,,,,
,,,,,,,,
,,,,,,,,
,,,,,,,,
,,,,,,,,
,,,,,,,,
,,,,,,,,
,,,,,,,,
,,,,,,,,
,,,,,,,,
,,,,,,,,
,,,,,,,,
,,,,,,,,
,,,,,,,,
,,,,,,,,
,,,,,,,,
,,,,,,,,
,,,,,,,,
,,,,,,,,
,,,,,,,,
,,,,,,,,
,,,,,,,,
,,,,,,,,
,,,,,,,,
,,,,,,,,
,,,,,,,,
,,,,,,,,
,,,,,,,,
,,,,,,,,
,,,,,,,,
,,,,,,,,
,,,,,,,,
,,,,,,,,
,,,,,,,,
,,,,,,,,
,,,,,,,,
,,,,,,,,
,,,,,,,,
,,,,,,,,
,,,,,,,,
,,,,,,,,
,,,,,,,,
,,,,,,,,
,,,,,,,,
,,,,,,,,
,,,,,,,,
,,,,,,,,
,,,,,,,,
,,,,,,,,
,,,,,,,,
,,,,,,,,
,,,,,,,,
,,,,,,,,
,,,,,,,,
,,,,,,,,
,,,,,,,,
,,,,,,,,
,,,,,,,,
,,,,,,,,
,,,,,,,,
,,,,,,,,
,,,,,,,,
,,,,,,,,
,,,,,,,,
,,,,,,,,
,,,,,,,,
,,,,,,,,
,,,,,,,,
,,,,,,,,
,,,,,,,,
,,,,,,,,
,,,,,,,,
,,,,,,,,
,,,,,,,,
,,,,,,,,
,,,,,,,,
,,,,,,,,
,,,,,,,,
,,,,,,,,
,,,,,,,,
,,,,,,,,
,,,,,,,,
,,,,,,,,
,,,,,,,,
1,01-11-2018,GoDesi,Food and Beverage,Regional Flavours,Bengaluru,Lead Angels Network,Seed/ Angel Funding,"1,38,995"
2,03-11-2018,Veritas Finance Ltd.,NBFC,MSME Finance,Chennai,"Norwest Venture Partners, CDC Group, the UK’s Development Finance Institution and P Surendra Pai",Series D,"2,77,99,000"
3,06-11-2018,Meesho,Ecommerce,Social Commerce,Bengaluru,"Shunwei Capital, DST Partners and RPS Ventures",Series C,"5,00,00,000"
4,08-11-2018,Mobile Premier League,Gaming,Mobile e-Sports,Bengaluru,Undisclosed,Series A,"5,00,000"
5,08-11-2018,A&R Bon Vivants,Food,Meat Retail Chain,Jaipur,"RB Investments, Singapore",Equity,"10,00,000"
6,12-11-2018,Blackbuck,Food Tech,POS For Online Ordering,"New York, Bengaluru",Tiger Global,Series A,"10,00,000"
7,12-11-2018,MilkBAsket,Food,Micro-delivery grocery service,New Delhi,Mayfield Fund,Series B,"13,00,000"
8,13-11-2018,DriveU,Transport,On-Demand Drivers,Bengaluru,Stevens Creek Ventures,Mezzanine,"10,00,000"
9,14-11-2018,CleanseCar,Services,Car Wash,Bengaluru,Venture Catalysts,Seed/ Angel Funding,"5,00,000"
10,19-11-2018,Automation Anywhere,Automation,Robotics,California,SoftBank Vision Fund,Series B,"30,00,00,000"
11,20-11-2018,HealthifyMe,Health and Wellness,Wellness Coach,Bengaluru,"Sistema Asia Fund, VC Samsung NEXT, Chiratae Ventures, Inventus Capital, Blume Ventures and Innoven Capital.",Series B (Extension),"60,00,000"
12,21-11-2018,Genius Corner,Education,Personalized Learning,Noida,Individual investors,Seed Funding,"2,78,000"
13,22-11-2018,Aavishkaar-Intellecap Group,Investment,SME Funding,Mumbai,Teachers Insurance and Annuity Association (TIAA),Equity Based Funding,"3,10,00,000"
14,22-11-2018,Skillbox,Social Network,Art,Gurugram,Individual investors,Seed Funding,Undisclosed
15,23-11-2018,Signzy,Financial Tech,Digital Onboarding Solution,Mumbai/Bengaluru,"Stellaris Venture Partners and Kalaari Capital, Rajan Anandan from Google, Dilip Khandwelwal from SAP Labs India, and Amrish Rau from PayU India",Series A,"34,00,000"
16,24-11-2018,Engineer.ai,Software,AI Platform,India/US,"Lakestar and Jungle Ventures, Softbank’s DeepCore.",Series A,"2,95,00,000"
17,25-11-2018,InCred Finance,Finance,SME Lending,India,"Paragon Partners, Individual Investors",Private Equity,"4,20,00,000"
18,25-11-2018,Roposo,Social Media,Video Sharing,Delhi,Bertelsmann India Investments,Series B,"17,00,000"
1,01-10-2018,Northmist,Fashion,Mens Wear,Delhi,Prashant Jaiswal,Seed/ Angel Funding,N/A
2,02-10-2018,Origo Commodities India Pvt. Ltd,Logistics,Supply Chain,Hyderabad,"Cooperative Oikocredit, Caspian and Hivos-Triodos Fund",Seed/ Angel Funding,"1,10,00,000"
3,04-10-2018,Grover Zampa,Food,Wine,Mumbai,Ravi Viswanathan,Private Equity,"82,00,000"
4,05-10-2018,Droom,Automobile,New and Used Cars Platform,Gurgaon,ZigExN,Series E,"30,00,000"
5,11-10-2018,Innov8,Real Estate,Co-Working,New Delhi,Credence Family Office,Pre-Series A,"40,00,000"
6,12-10-2018,Blackbuck,Logistics Tech,Largest Trucking Platform,Bengaluru,Sequoia Capital India,Private Funding,"1,46,80,000"
7,12-10-2018,LetsTransport,Logistics Tech,Book Trucks Online,Bengaluru,Fosun International,Series C,"1,20,00,000"
1,01-09-2018,Netmeds,Consumer Internet,Online Pharmacy Chain,Chennai,"Sistema Asia Fund, Sistema JSFC and Tanncam Investment",Private Equity,"3,50,00,000"
2,03-09-2018,Udaan,B2B Platform,Logistics and Shipping,Bengaluru,DST Global and Lightspeed Venture Partners’ global fund.,Private Equity,"22,50,00,000"
3,03-09-2018,Daily hunt,Consumer Internet,News and ebooks Mobile App,Bengaluru,Falcon Edge,Private Equity,"63,90,000"
4,04-09-2018,3HCare,Healthcare,Healthcare Service Provider,Delhi,N/A,Seed / Angel Funding,"10,00,000"
5,04-09-2018,HappyGoEasy,Consumer Internet,Online Travel Agecy,Gurugram,"Korea Investment Partners (KIP), Samsung and China-based CITIC Capital and others",Private Equity,N/A
6,05-09-2018,Nykaa,Consumer Internet,Online Marketplace For Multi-brand Beauty Cosmetic and Wellness Products,Mumbai,Lighthouse,Private Equity,"15,72,00,000"
7,05-09-2018,Mad Street Den,Technology,Computer Vision And Artificial Intelligence (Ai) Platform,Chennai,KDDI,Private Equity,N/A
8,06-09-2018,Dream11,Consumer Internet,Online Gaming Platform,Mumbai,"Tencent, Kalaari Capital and Private equity firm Multiples Alternate Asset Management",Private Equity,"10,00,00,000"
9,10-09-2018,MamaEarth,Healthcare,Online Marketplace For Mother and Babycare Products,Gurugram,Stellaris Ventures & Others,Private Equity,"40,00,000"
10,11-09-2018,AutoGrid,Technology,AI-Based Energy Optimisation and Control Provider,Bengaluru,"CLP Holdings Group, Innogy, Ørstead, and Tenaska",Private Equity,"3,20,00,000"
11,11-09-2018,Pharmeasy,Consumer Internet,Online Marketplace For Pharmaceutical Products,Mumbai,InnoVen Capital,Debt Funding,"55,00,000"
12,11-09-2018,Upwards,Fin-Tech,Online Micro Lending Marketplace,Mumbai,"Shunwei Capital,Quotient, Mayfield & Others",Private Equity,"50,00,000"
13,12-09-2018,Kissht,Fin-Tech,Online lending Platform,Mumbai,"Vertex Ventures Southeast Asia (SEA) and India and Sistema Asia Fund, Fosun RZ Capital, Ventureast, and Endiya Partners.",Private Equity,"3,00,00,000"
